{
    "model.positional_embedding": {
        "u_shape": [
            77,
            616
        ],
        "error_u": 16.044384002685547,
        "v_shape": [
            616,
            512
        ],
        "error_v": 26.31391716003418
    },
    "model.visual.positional_embedding": {
        "u_shape": [
            50,
            400
        ],
        "error_u": 12.928991317749023,
        "v_shape": [
            400,
            768
        ],
        "error_v": 9.158794403076172
    },
    "model.visual.proj": {
        "u_shape": [
            768,
            4096
        ],
        "error_u": 37.05996322631836,
        "v_shape": [
            4096,
            512
        ],
        "error_v": 41.3814697265625
    },
    "model.visual.transformer.resblocks.0.attn.in_proj_weight": {
        "u_shape": [
            2304,
            6144
        ],
        "error_u": 42.40381622314453,
        "v_shape": [
            6144,
            768
        ],
        "error_v": 50.68096160888672
    },
    "model.visual.transformer.resblocks.0.attn.out_proj.weight": {
        "u_shape": [
            768,
            6144
        ],
        "error_u": 50.660240173339844,
        "v_shape": [
            6144,
            768
        ],
        "error_v": 50.68149948120117
    },
    "model.visual.transformer.resblocks.0.mlp.c_fc.weight": {
        "u_shape": [
            3072,
            6144
        ],
        "error_u": 42.99383544921875,
        "v_shape": [
            6144,
            768
        ],
        "error_v": 50.68083190917969
    },
    "model.visual.transformer.resblocks.0.mlp.c_proj.weight": {
        "u_shape": [
            768,
            6144
        ],
        "error_u": 50.68081283569336,
        "v_shape": [
            6144,
            3072
        ],
        "error_v": 45.895145416259766
    },
    "model.visual.transformer.resblocks.1.attn.in_proj_weight": {
        "u_shape": [
            2304,
            6144
        ],
        "error_u": 40.782745361328125,
        "v_shape": [
            6144,
            768
        ],
        "error_v": 50.68082046508789
    },
    "model.visual.transformer.resblocks.1.attn.out_proj.weight": {
        "u_shape": [
            768,
            6144
        ],
        "error_u": 50.660240173339844,
        "v_shape": [
            6144,
            768
        ],
        "error_v": 50.68147277832031
    },
    "model.visual.transformer.resblocks.1.mlp.c_fc.weight": {
        "u_shape": [
            3072,
            6144
        ],
        "error_u": 36.48870086669922,
        "v_shape": [
            6144,
            768
        ],
        "error_v": 50.68065643310547
    },
    "model.visual.transformer.resblocks.1.mlp.c_proj.weight": {
        "u_shape": [
            768,
            6144
        ],
        "error_u": 50.68068313598633,
        "v_shape": [
            6144,
            3072
        ],
        "error_v": 37.855655670166016
    },
    "model.visual.transformer.resblocks.2.attn.in_proj_weight": {
        "u_shape": [
            2304,
            6144
        ],
        "error_u": 41.78488540649414,
        "v_shape": [
            6144,
            768
        ],
        "error_v": 50.68089294433594
    },
    "model.visual.transformer.resblocks.2.attn.out_proj.weight": {
        "u_shape": [
            768,
            6144
        ],
        "error_u": 50.66024398803711,
        "v_shape": [
            6144,
            768
        ],
        "error_v": 50.681396484375
    },
    "model.visual.transformer.resblocks.2.mlp.c_fc.weight": {
        "u_shape": [
            3072,
            6144
        ],
        "error_u": 36.43147659301758,
        "v_shape": [
            6144,
            768
        ],
        "error_v": 50.68083953857422
    },
    "model.visual.transformer.resblocks.2.mlp.c_proj.weight": {
        "u_shape": [
            768,
            6144
        ],
        "error_u": 50.680908203125,
        "v_shape": [
            6144,
            3072
        ],
        "error_v": 39.105445861816406
    },
    "model.visual.transformer.resblocks.3.attn.in_proj_weight": {
        "u_shape": [
            2304,
            6144
        ],
        "error_u": 40.23486328125,
        "v_shape": [
            6144,
            768
        ],
        "error_v": 50.68082046508789
    },
    "model.visual.transformer.resblocks.3.attn.out_proj.weight": {
        "u_shape": [
            768,
            6144
        ],
        "error_u": 50.660308837890625,
        "v_shape": [
            6144,
            768
        ],
        "error_v": 50.68155288696289
    },
    "model.visual.transformer.resblocks.3.mlp.c_fc.weight": {
        "u_shape": [
            3072,
            6144
        ],
        "error_u": 35.936973571777344,
        "v_shape": [
            6144,
            768
        ],
        "error_v": 50.680694580078125
    },
    "model.visual.transformer.resblocks.3.mlp.c_proj.weight": {
        "u_shape": [
            768,
            6144
        ],
        "error_u": 50.680870056152344,
        "v_shape": [
            6144,
            3072
        ],
        "error_v": 38.88401794433594
    },
    "model.visual.transformer.resblocks.4.attn.in_proj_weight": {
        "u_shape": [
            2304,
            6144
        ],
        "error_u": 39.34270095825195,
        "v_shape": [
            6144,
            768
        ],
        "error_v": 50.68073272705078
    },
    "model.visual.transformer.resblocks.4.attn.out_proj.weight": {
        "u_shape": [
            768,
            6144
        ],
        "error_u": 50.66025924682617,
        "v_shape": [
            6144,
            768
        ],
        "error_v": 50.681461334228516
    },
    "model.visual.transformer.resblocks.4.mlp.c_fc.weight": {
        "u_shape": [
            3072,
            6144
        ],
        "error_u": 35.18867874145508,
        "v_shape": [
            6144,
            768
        ],
        "error_v": 50.68069839477539
    },
    "model.visual.transformer.resblocks.4.mlp.c_proj.weight": {
        "u_shape": [
            768,
            6144
        ],
        "error_u": 50.681026458740234,
        "v_shape": [
            6144,
            3072
        ],
        "error_v": 38.59489822387695
    },
    "model.visual.transformer.resblocks.5.attn.in_proj_weight": {
        "u_shape": [
            2304,
            6144
        ],
        "error_u": 38.00478744506836,
        "v_shape": [
            6144,
            768
        ],
        "error_v": 50.68085861206055
    },
    "model.visual.transformer.resblocks.5.attn.out_proj.weight": {
        "u_shape": [
            768,
            6144
        ],
        "error_u": 50.66020584106445,
        "v_shape": [
            6144,
            768
        ],
        "error_v": 50.681236267089844
    },
    "model.visual.transformer.resblocks.5.mlp.c_fc.weight": {
        "u_shape": [
            3072,
            6144
        ],
        "error_u": 34.108402252197266,
        "v_shape": [
            6144,
            768
        ],
        "error_v": 50.68084716796875
    },
    "model.visual.transformer.resblocks.5.mlp.c_proj.weight": {
        "u_shape": [
            768,
            6144
        ],
        "error_u": 50.68093490600586,
        "v_shape": [
            6144,
            3072
        ],
        "error_v": 37.30406188964844
    },
    "model.visual.transformer.resblocks.6.attn.in_proj_weight": {
        "u_shape": [
            2304,
            6144
        ],
        "error_u": 37.560306549072266,
        "v_shape": [
            6144,
            768
        ],
        "error_v": 50.68083190917969
    },
    "model.visual.transformer.resblocks.6.attn.out_proj.weight": {
        "u_shape": [
            768,
            6144
        ],
        "error_u": 50.660186767578125,
        "v_shape": [
            6144,
            768
        ],