{
    "Cars": 0.6894664764404297,
    "CIFAR100": 0.7228999733924866,
    "DTD": 0.4964539110660553,
    "EuroSAT": 0.8348610997200012,
    "GTSRB": 0.6641330122947693,
    "MNIST": 0.9581000208854675,
    "RESISC45": 0.7265079617500305,
    "SVHN": 0.7866856455802917
}